Id,point,backgroundImgId,newBackgroundImgId
move_01.1_01.2,-9.1 -2.5 -3,01.1,01.2
move_01.1_03.1,-9 -2.5 2.2,01.1,03.1
move_01.2_01.1,-.1 -2.5 -9.1,01.2,01.1
move_01.2_02.1,-6.5 -2.5 6.5,01.2,02.1
move_01.2_03.1,3 -2.5 -1.3,01.2,03.1
move_02.1_01.2,6.2 -2.5 3,02.1,01.2
move_01.1_01.2,-2.0738695803095144 -3.349974261980275e-16 -1.5086942837955124,01.1,01.2
move_01.1_01.2,-1.2979339804126162 -8.616971938204012e-17 -1.3880739160995765,01.1,01.2
