Id,point,backgroundImgId,newBackgroundImgId
move_01.2_02.1,-6.5 -2.5 6.5,01.2,02.1
move_01.1_03.1,-9 -2.5 2.2,01.1,03.1
move_01.1_01.2,-9.1 -2.5 -3,01.1,01.2
move_01.2_01.1,-1.0682452242730494 -1.9000000000000026 -6.8224148721058935,01.2,01.1
move_03.1_01.2,1.42823171432526 -3.2000000000000024 -3.3633829836267104,03.1,01.2
move_01.1_01.44,-1.590832594595615 -7.095582755070419e-16 -3.1955663851711664,01.1,01.44
move_01.1_01.445,0.7278634243748064 -8.838027744839493e-16 -2.980293845834925,01.1,01.445
move_01.1_01.4,2.271536035971082 -1.1842345647994336e-15 -3.3333183447499906,01.1,01.4
