Id,point,backgroundImgId,newBackgroundImgId
move_01.2_02.1,-6.5 -2.5 6.5,01.2,02.1
move_01.1_03.1,-9 -2.5 2.2,01.1,03.1
move_01.1_01.2,-9.1 -2.5 -3,01.1,01.2
move_01.2_01.1,-1.0682452242730494 -1.9000000000000026 -6.8224148721058935,01.2,01.1
move_03.1_01.2,1.42823171432526 -3.2000000000000024 -3.3633829836267104,03.1,01.2
move_01.1_01.44,2.3585565264733837 -5.258097858251343e-16 -2.3680367555098356,01.1,01.44
move_01.1_01.5,-1.7843342664721455 -7.624600864500033e-16 -3.433814961221112,01.1,01.5
