Id,point,backgroundImgId,newBackgroundImgId
move_01.2_02.1,-6.5 -2.5 6.5,01.2,02.1
move_01.1_03.1,-9 -2.5 2.2,01.1,03.1
move_01.1_01.2,-9.1 -2.5 -3,01.1,01.2
move_01.2_01.1,-1.0682452242730494 -1.9000000000000026 -6.8224148721058935,01.2,01.1
move_03.1_01.2,1.42823171432526 -3.2000000000000024 -3.3633829836267104,03.1,01.2
move_01.2_test,-4.104591515025496 -5.360812494744759e-16 -3.4142953153735607,01.2,test
move_01.1_01.4Dtd,-1.4230853132052756 -1.487442971827334e-15 -6.698847613656446,01.1,01.4Dtd
