Id,point,backgroundImgId,newBackgroundImgId
move_01.2_01.1,-.1 -2.5 -9.1,01.2,01.1
move_01.2_02.1,-6.5 -2.5 6.5,01.2,02.1
move_01.1_03.1,-9 -2.5 2.2,01.1,03.1
move_01.1_01.2,-9.1 -2.5 -3,01.1,01.2
move_01.1_01.5,-3.1412772501713944 -7.990688165372409e-16 -3.5986860244005023,01.1,01.5
